{"cameraMode":{"drawMode":0,"name":"Shaded","section":"Shading Mode"},"sceneLighting":true,"audioPlay":false,"sceneViewState":{"m_AlwaysRefresh":false,"showFog":true,"showSkybox":true,"showFlares":true,"showImageEffects":true,"showParticleSystems":true,"showVisualEffectGraphs":true,"m_FxEnabled":true},"in2DMode":false,"pivot":{"x":-2.2331702709198,"y":1.8558236360549927,"z":-1.2301470041275025},"rotation":{"x":-0.003722039982676506,"y":-0.9996929168701172,"z":0.008428527042269707,"w":0.008373599499464035},"size":1.1169265508651734,"orthographic":false}