{"cameraMode":{"drawMode":0,"name":"Shaded","section":"Shading Mode"},"sceneLighting":true,"audioPlay":false,"sceneViewState":{"m_AlwaysRefresh":false,"showFog":true,"showSkybox":true,"showFlares":true,"showImageEffects":true,"showParticleSystems":true,"showVisualEffectGraphs":true,"m_FxEnabled":true},"in2DMode":false,"pivot":{"x":-2.3684427738189699,"y":2.6841037273406984,"z":4.297295093536377},"rotation":{"x":0.005021766759455204,"y":0.9927476048469544,"z":0.11481520533561707,"w":-0.013693205080926419},"size":0.6210009455680847,"orthographic":false}